{"cameraMode":{"drawMode":0,"name":"Shaded","section":"Shading Mode"},"sceneLighting":false,"audioPlay":false,"sceneViewState":{"m_AlwaysRefresh":false,"showFog":true,"showSkybox":false,"showFlares":true,"showImageEffects":false,"showParticleSystems":true,"showVisualEffectGraphs":true,"m_FxEnabled":true},"in2DMode":false,"pivot":{"x":0.4384000897407532,"y":-0.49351203441619875,"z":1.0201942920684815},"rotation":{"x":0.35645538568496706,"y":-0.2224610447883606,"z":0.08779772371053696,"w":0.9031859636306763},"size":1.4336858987808228,"orthographic":false}