{"cameraMode":{"drawMode":0,"name":"Shaded","section":"Shading Mode"},"sceneLighting":false,"audioPlay":false,"sceneViewState":{"m_AlwaysRefresh":false,"showFog":true,"showSkybox":false,"showFlares":true,"showImageEffects":true,"showParticleSystems":true,"showVisualEffectGraphs":true,"m_FxEnabled":true},"in2DMode":false,"pivot":{"x":0.16378524899482728,"y":0.8776206970214844,"z":-0.21004211902618409},"rotation":{"x":0.27261048555374148,"y":0.39351409673690798,"z":-0.12341184169054032,"w":0.869253933429718},"size":1.6147184371948243,"orthographic":false}